Model,Test MAE,Test RMSE,Test R2,Train MAE,Train RMSE,Train R2
Random Forest,0.32780147292004663,0.5456702360319352,0.7816111172501576,0.2279759324672023,0.32549169175721687,0.920887571468884
Gradient Boosting,0.3191332715673364,0.5324936124854224,0.7920309056459858,0.25064604053989026,0.35843373983795557,0.9040637654948614
Ridge Regression,0.3553515274016227,0.5746535940030243,0.7577954765258765,0.3484494668341861,0.5024779892184666,0.8114619607940695
Support Vector Machine,0.3024244474211633,0.5155536221838031,0.8050524954135695,0.2820994371292393,0.4407583754740604,0.8549338622369047
