Model,Train MAE,Test MAE,Train RMSE,Test RMSE,Train R2,test R2
Random Forest,0.20682151391651346,0.30296115037746757,0.2850536650227905,0.4196049235137201,0.9180907015733486,0.8053605689982581
Gradient Boosting,0.2268905642088789,0.3084115423681984,0.3211667669076832,0.42010970802287884,0.8960220747724814,0.8048919850419445
Ridge Regression,0.308713458106839,0.32565245792817377,0.43196838504214935,0.43975012132232294,0.811902131939561,0.7862226883217144
Support Vector,0.2663371890437507,0.29039714764916896,0.38862090001846883,0.40306196056800503,0.8477587805066853,0.8204053887132299
