Model,Test MAE,Test RMSE,Test R2,Train MAE,Train RMSE,Train R2
Random Forest,5.974413607669958,7.655692383468125,0.8167635561135456,5.003909813072128,6.3216900053229015,0.8814806735560422
Gradient Boosting,5.956194172640899,7.586467654005076,0.8200623158877028,5.296630419083216,6.797009077018326,0.8629880387224004
Ridge Regression,6.139886872567838,7.691088856235449,0.8150652334889479,6.447497122599812,8.316718860885791,0.7948711123683232
Support Vector Machine,5.7608534213181954,7.4839365492221575,0.8248931646708535,5.77461205659685,7.663341895093613,0.8258356806467114
