Model,Train MAE,Test MAE,Train RMSE,Test RMSE,Train R2,test R2
Random Forest,4.937417444791867,6.3789837102461355,6.198110803973059,8.332358556433922,0.8839904099793232,0.7848889579111373
Gradient Boosting,5.295497409983988,6.247970137911071,6.758239859378693,8.076167274919209,0.8620751808747827,0.7979134475644861
Ridge Regression,6.352518702958662,6.277829012438538,8.14215472667091,8.187052276609165,0.7998046792037329,0.7923260942298038
Support Vector,5.618746318344737,6.091778497678987,7.44960069606021,7.917651234543802,0.8324126591388888,0.8057685559675105
