Model,Test MAE,Test RMSE,Test R2,Train MAE,Train RMSE,Train R2
Random Forest,6.201505869852502,8.091697797781494,0.7963011617636471,4.955028596967817,6.280211510807482,0.8810970566908014
Gradient Boosting,6.182786964731605,7.992008815685646,0.801289346700953,5.264566729524143,6.718631450569499,0.8639164277100029
Ridge Regression,6.197701720047536,8.018271508317083,0.7999812271711957,6.381015265703809,8.181034438304742,0.7982281826008958
Support Vector Machine,5.885346059679296,7.609807567752785,0.8198407388472775,5.727249246903092,7.570725779908036,0.8272098045853575
