Model,Test MAE,Test RMSE,Test R2,Train MAE,Train RMSE,Train R2
Random Forest,7.074988459156574,9.560954094200916,0.9187114191967589,5.65302646698414,7.438767378289076,0.9511153506393887
Gradient Boosting,7.121528232220853,9.639455228106101,0.9173710837825789,6.054105602618306,8.075848215064964,0.9423835037869761
Ridge Regression,7.608372576966993,10.071612387893738,0.9097961483431127,7.603594405478801,9.913293590291284,0.9131826579868438
Support Vector Machine,6.921804497760427,9.378881134169667,0.9217779598365208,6.635385500805601,9.149208007176687,0.9260501067381917
