Model,Test MAE,Test RMSE,Test R2,Train MAE,Train RMSE,Train R2
Random Forest,7.039958534120636,9.500947104290534,0.9197285929181744,5.664859175795383,7.512449960393136,0.9501421285893457
Gradient Boosting,7.121149552148003,9.628917401940786,0.9175516444460947,6.1043620659694655,8.179242893161852,0.9408987373487387
Ridge Regression,7.608372576966993,10.071612387893738,0.9097961483431127,7.603594405478801,9.913293590291284,0.9131826579868438
Support Vector Machine,6.921804497760427,9.378881134169667,0.9217779598365208,6.635385500805601,9.149208007176687,0.9260501067381917
