Model,Train MAE,Test MAE,Train RMSE,Test RMSE,Train R2,test R2
Random Forest,5.558815397989823,7.287966637625814,7.334968104364761,9.82734424621217,0.9521887251824135,0.9143674627303393
Gradient Boosting,6.054034864894977,7.137336070189237,8.130253870638532,9.692116291330766,0.9412588995917859,0.9167079202575664
Ridge Regression,7.5841033321216225,7.497233404861925,9.91733804773094,9.906318279540331,0.912597451013773,0.9129856204109021
Support Vector,6.488613175659383,6.694300577854362,8.995295085826434,9.254962389623467,0.928094072300192,0.9240520965107037
