Model,Test MAE,Test RMSE,Test R2,Train MAE,Train RMSE,Train R2
Random Forest,7.518199284812149,10.278236850806415,0.6857507360699775,6.030591567283657,8.047992093115909,0.8071572499189641
Gradient Boosting,7.478277461946326,10.221450793107786,0.689213524753599,6.331907837171769,8.59326895058415,0.7801405976377389
Ridge Regression,8.229412701777893,10.974448992345636,0.6417365736356352,8.038736023301773,10.648822543558444,0.6623774747843035
Support Vector Machine,7.3806368300981795,10.234606138891534,0.6884130249714564,6.796328610904638,9.504338424300531,0.731049709241011
