Model,Train MAE,Test MAE,Train RMSE,Test RMSE,Train R2,test R2
Random Forest,6.034596193479594,7.149112285593166,7.914577417748635,9.64095314424617,0.8142083467139944,0.7181572617946024
Gradient Boosting,6.409382714302533,7.082384641257615,8.634565535586074,9.632403821735252,0.7788679375900679,0.7186569003808897
Ridge Regression,8.125491620246422,7.8134487813147535,10.803439382673288,10.405625614500648,0.6538257059932051,0.6716754952844708
Support Vector,6.7877467175271144,6.937471286787303,9.606513238192274,9.529105267786138,0.7262826622070564,0.72465882942339
