Model,Test MAE,Test RMSE,Test R2,Train MAE,Train RMSE,Train R2
Random Forest,7.974695060798313,11.238577312623862,0.7306898517195981,6.36293802900503,8.700201358222499,0.8375714957943086
Gradient Boosting,7.86322485687584,11.161445307330244,0.7343737965968125,6.762333840478898,9.556101468744094,0.8040410328039955
Ridge Regression,8.721701736655431,11.828446772033363,0.7016778613842414,8.755752399748829,12.307652979429346,0.6749470424075765
Support Vector Machine,7.693965764483467,10.62033466069757,0.7595047803604952,7.376793379304197,11.154612923718817,0.7329991489723355
