Model,Train MAE,Test MAE,Train RMSE,Test RMSE,Train R2,test R2
Random Forest,4.523227643213402,6.235701586388724,5.961996970138671,8.982510270840201,0.8316828086014698,0.6716807960769298
Gradient Boosting,4.819821360617159,6.192886232461222,6.480627076576945,8.88765413170978,0.8011255297890834,0.6785783456897287
Ridge Regression,6.117745140280114,6.463278588092307,8.129877092384973,9.128327653710437,0.6870226322174326,0.6609347503454358
Support Vector,5.254669346153861,6.014157018163968,7.347484461407397,8.7211331313049,0.7443638158037422,0.6905099625488694
