Model,Test MAE,Test RMSE,Test R2,Train MAE,Train RMSE,Train R2
Random Forest,0.2473339402811174,0.3414491933566695,0.8806964164410336,0.17050991236726318,0.22358337125591882,0.9456147671445019
Gradient Boosting,0.20695165238932758,0.2997589647302181,0.9080512843988837,0.03474311877549485,0.04507807358448171,0.9977892853558779
Ridge Regression,0.2687309018574334,0.3719291399076831,0.8584461394074121,0.28362246927776213,0.3930689038422129,0.8319109715420996
Support Vector Machine,0.22890384745609735,0.3144015646258035,0.898848878095513,0.14556743447406104,0.2284853364233283,0.9432038812347621
