Model,Train MAE,Test MAE,Train RMSE,Test RMSE,Train R2,test R2
Random Forest,2.2693837043120038,3.487823933383045,3.4260184364434134,5.524148262063711,0.9889612442944303,0.9734165711806657
Gradient Boosting,1.6566555482256027,3.159709867782654,2.3998628797891888,5.398427286538261,0.9945835643561587,0.9746127969240391
Ridge Regression,3.717972356293204,4.060940055790319,5.5394063410148,6.116549888524212,0.9711419369144509,0.9674093224407408
Support Vector,1.8169803222470537,3.0716602043375523,3.7122899936951086,5.1282795763539015,0.9870394175171673,0.9770900716104963
