Model,Train MAE,Test MAE,Train RMSE,Test RMSE,Train R2,test R2
Random Forest,0.5062472132962064,0.8009042094792139,1.2025631887092467,1.9398229857655283,0.9919792574845426,0.9801810789908743
Gradient Boosting,0.33060567909704647,0.7961249618207429,0.7809221093790071,1.935713378043809,0.9966176838384321,0.9802649647017678
Ridge Regression,0.8826033903669372,0.9357510110622885,1.915453990825307,1.9311609875984939,0.979651040249052,0.9803576808475535
Support Vector,0.638383946043229,0.738027326929143,1.6163196504553043,1.7231583933890515,0.9855105043372598,0.9843610999506825
