Model,Train MAE,Test MAE,Train RMSE,Test RMSE,Train R2,test R2
Random Forest,0.8911638948599365,1.7006935726977424,1.1608657954214785,2.4092291316457053,0.9898801898536502,0.9535100811597877
Gradient Boosting,0.34760172162144576,1.7246695703072823,0.4449657985981698,2.398381082538777,0.9985131690353852,0.9539277994271466
Ridge Regression,1.6580909962017962,1.6349585256488324,2.207404889295184,2.2582319320632327,0.9634091637308382,0.9591549281298812
Support Vector,1.2165676008448603,1.567740330614101,1.8301321618555833,2.2919913936334972,0.9748479584813577,0.9579245721054519
