Model,Train MAE,Test MAE,Train RMSE,Test RMSE,Train R2,test R2
Random Forest,0.28146912727942386,0.3633266715950284,0.3742027947813655,0.5096642608660011,0.8624232322193701,0.7673938615431004
Gradient Boosting,0.300704654214678,0.3600615973372643,0.40615049558724337,0.5037011914792422,0.8379291076098393,0.7728050015046796
Ridge Regression,0.37822388162934867,0.3885080489973039,0.5018609220920051,0.5279248023798789,0.7525441023512693,0.7504273776975758
Support Vector,0.3320777893122484,0.3644501831367431,0.4590960371927852,0.5156871509144585,0.7929200094264874,0.7618637934507211
