Model,Train MAE,Test MAE,Train RMSE,Test RMSE,Train R2,test R2
Random Forest,7.467341038249492,9.156441107983825,9.470290312448457,11.609582804480493,0.8154901281957827,0.7080923699218666
Gradient Boosting,7.851585620747039,9.06420975507892,9.998110105563349,11.511547131636505,0.7943499344012172,0.7130015098172138
Ridge Regression,9.057210528653396,9.266162290249731,11.561550644189236,11.7247061962602,0.7250047490298402,0.7022744147735124
Support Vector,8.654856006674853,9.049425796805314,11.132933613745921,11.481867735904846,0.7450163927734594,0.7144794972794212
