Model,Train MAE,Test MAE,Train RMSE,Test RMSE,Train R2,test R2
Random Forest,5.485742562663411,7.377926465979928,7.1394144760000735,9.62241722446348,0.8229700186772659,0.6756812837809368
Gradient Boosting,5.853765743218027,7.295351548990795,7.809016257274595,9.580164195489601,0.7882056908840314,0.6785232643696861
Ridge Regression,7.6749779872073844,8.063859570075557,10.077982115322303,10.43801112962693,0.6472485568578366,0.6183729451238049
Support Vector,6.521931437230535,7.201844642071959,9.02635556783156,9.525773600197269,0.7170260173538967,0.6821632177064447
