Model,Train MAE,Test MAE,Train RMSE,Test RMSE,Train R2,test R2
Random Forest,3.225012206386039,4.855668594477607,4.239290184414733,6.661543276770527,0.8936045079234731,0.7550533371375973
Gradient Boosting,3.5083846417683713,4.615922788635695,4.793480351766022,6.438655002703713,0.8639687028030256,0.7711704374906059
Ridge Regression,5.430579431329775,5.1593081286919285,7.222332245838992,6.815448328531086,0.6911896391735108,0.7436043345663799
Support Vector,4.819828992904037,4.693842635360739,6.789012160604665,6.397502662356596,0.7271335695782035,0.7740861949900802
