Model,Train MAE,Test MAE,Train RMSE,Test RMSE,Train R2,test R2
Random Forest,0.24939660504838906,0.3344774741158597,0.33828450979224495,0.4690799527522641,0.8740525440255391,0.7718694381593549
Gradient Boosting,0.27263054852951085,0.34638093218002985,0.3722123825181754,0.4819845946285672,0.8475221323437714,0.7591447931824126
Ridge Regression,0.33698382453979747,0.36990975579035223,0.46349146064928815,0.5077233502801288,0.7635666964438345,0.7327338246269669
Support Vector,0.30097185936280574,0.3379095137896576,0.428655492083903,0.47939966584614546,0.7977716860339298,0.7617213238411673
