Model,Train MAE,Test MAE,Train RMSE,Test RMSE,Train R2,test R2
Random Forest,5.259498334161893,7.007996570218801,6.818149082125694,9.297353259300818,0.8580870819006269,0.7491799887292726
Gradient Boosting,5.6061602024785735,6.838223778121657,7.400970346364166,9.152209545338037,0.8327884500708385,0.7569501105680427
Ridge Regression,6.643168669119804,7.015474483915898,8.799525023832633,9.376932128931305,0.7636218085059503,0.7448679239613136
Support Vector,6.287949252329263,6.763445429416576,8.508587262248557,9.201694555077484,0.7789941046126803,0.7543147160628151
