Model,Train MAE,Test MAE,Train RMSE,Test RMSE,Train R2,test R2
Random Forest,5.73838636068582,6.931567406394526,7.644636749900348,10.040313152780094,0.9449355659085069,0.9084918879220131
Gradient Boosting,6.126208025099466,6.830898916202771,8.24178973414879,9.736630046161705,0.9359969701540053,0.9139437502229985
Ridge Regression,7.61961597693885,7.307631837576474,10.077872790738217,9.870005455522254,0.9043036845347074,0.9115699513516398
Support Vector,6.482006972021245,6.639966176586646,9.143962656882977,9.267240341607078,0.9212181164220017,0.9220410589487404
