Model,Train MAE,Test MAE,Train RMSE,Test RMSE,Train R2,test R2
Random Forest,3.806430373676692,4.8236328972561395,5.288779084415526,6.913756829983954,0.8523199538357965,0.7447835465805425
Gradient Boosting,4.139115546858214,4.788423951016112,5.866676452751745,6.726787236855041,0.8182831326980867,0.7584006000921384
Ridge Regression,5.411832121698586,5.321097721090384,7.435216080829431,7.450614205456573,0.7081241551540269,0.7036092672298211
Support Vector,4.507051371422724,4.789166009765693,6.601978652466041,6.797873848793358,0.7698774395450187,0.7532673233895264
