{
    "Brera": {
        "C6H6": {
            "skewness": 1.1527100363801732,
            "kurtosis": 0.7720870251315555
        },
        "NO2": {
            "skewness": 0.5529583787270808,
            "kurtosis": -0.1035250051890273
        },
        "O3": {
            "skewness": 0.2740012419766676,
            "kurtosis": -1.136495657602282
        },
        "PM10": {
            "skewness": 0.9271405501553802,
            "kurtosis": 0.22782294161812588
        },
        "PM25": {
            "skewness": 1.0000563837674263,
            "kurtosis": 0.2096647446125952
        }
    },
    "Citta Studi": {
        "C6H6": {
            "skewness": 1.0771092073710862,
            "kurtosis": 0.3328155506668944
        },
        "NO2": {
            "skewness": 0.7226904596144078,
            "kurtosis": 0.014311637997186377
        },
        "O3": {
            "skewness": 0.26051628012686984,
            "kurtosis": -1.0803878061950016
        },
        "PM10": {
            "skewness": 1.070714092014479,
            "kurtosis": 0.4985248254957302
        },
        "PM25": {
            "skewness": 1.1493224402156252,
            "kurtosis": 0.553464415540303
        }
    },
    "Montalbino": {
        "C6H6": {
            "skewness": 0.8950587239741276,
            "kurtosis": 0.05443471055507487
        },
        "NO2": {
            "skewness": 0.4018670260451925,
            "kurtosis": -0.2307448741139413
        },
        "PM10": {
            "skewness": 0.8779603171022904,
            "kurtosis": -0.003460886767478133
        },
        "PM25": {
            "skewness": 0.9192728414297172,
            "kurtosis": -0.035967654682896644
        }
    }
}