Model,Train MAE,Test MAE,Train RMSE,Test RMSE,Train R2,test R2
Random Forest,0.2629635873762268,0.34344478508355264,0.3490254252160507,0.4775320118015967,0.8803134969429041,0.7957990347453319
Gradient Boosting,0.276527096296981,0.3366807012648019,0.3711051299315464,0.46606704272383764,0.8646915359923114,0.8054865677469026
Ridge Regression,0.36980406487085193,0.3792711489166824,0.48877463518680664,0.5139730105309902,0.7652809336997192,0.7634442883791044
Support Vector,0.30508467845513887,0.3490189845371876,0.42015443835112487,0.4859041908113814,0.8265601218771078,0.7885760902521485
