Model,Train MAE,Test MAE,Train RMSE,Test RMSE,Train R2,test R2
Random Forest,6.953416327460257,8.743900633064907,8.784942839025556,11.103344816394543,0.8412291016587287,0.7329947047699519
Gradient Boosting,5.504965886366674,8.567966605961022,7.013314223455949,10.861168215732222,0.8988095291265509,0.7445150628474055
Ridge Regression,8.861757019578139,9.069547442037562,11.288273981406507,11.538464535369577,0.7378510602350965,0.7116577658168933
Support Vector,7.549345527515575,8.649525212428186,9.962833717367575,11.057135854979524,0.7957985668451454,0.7352124803840983
