Model,Train MAE,Test MAE,Train RMSE,Test RMSE,Train R2,test R2
Random Forest,5.23879718426341,7.349529189793697,6.780060064897931,9.657468871266023,0.8403427240240684,0.6733141841633334
Gradient Boosting,4.811282981577477,7.261451124961347,6.376170840722609,9.635121072237114,0.8587977808179532,0.6748243649317296
Ridge Regression,7.536060564021098,8.080180824717246,9.89860406810617,10.48742350320345,0.6596940525152832,0.6147512336574625
Support Vector,5.826883667643249,6.942214951601567,8.388055906199499,9.205494353093446,0.7556320388958748,0.7031767770134469
