Model,Test MAE,Test RMSE,Test R2,Train MAE,Train RMSE,Train R2
Random Forest,4.717664765874519,6.715318588579385,0.6616763186501535,3.101647413180988,4.0278450322208785,0.9086706998389167
Gradient Boosting,4.576745459818447,6.4326642213724945,0.6895576804953185,3.1996761035429384,4.286250009492095,0.8965764069183028
Ridge Regression,4.906352216507483,6.536242540749436,0.6794797494352476,5.2590495971721785,7.024156469915651,0.7222506967206155
Support Vector Machine,4.453606619553921,6.14636677448136,0.7165763411995085,3.9326899770841073,5.886528521596775,0.8049333036740562
