Model,Train MAE,Test MAE,Train RMSE,Test RMSE,Train R2,test R2
Random Forest,0.19817337183426625,0.2922968012440316,0.270629950343135,0.4255198567637176,0.9257237426843642,0.8104355576983499
Gradient Boosting,0.1810634568452939,0.271548341188488,0.25001496236765375,0.39373537715320467,0.93660860679061,0.8376971705030644
Ridge Regression,0.30262873960661474,0.3178120731801136,0.42396497650819637,0.4389091599435957,0.8177119249185906,0.7983182948846357
Support Vector,0.24750723239363284,0.2813308976515919,0.36493478438792476,0.4023195283643977,0.8649393554084495,0.8305430278219508
