Model,Test MAE,Test RMSE,Test R2,Train MAE,Train RMSE,Train R2
Random Forest,0.32064335397294264,0.5306656384977282,0.7934563108149013,0.21789854277140594,0.3074782990573791,0.9294017654118228
Gradient Boosting,0.302867513726925,0.5109088592473153,0.808549342394729,0.2283087408576459,0.3209388004351651,0.9230852998615873
Ridge Regression,0.3539263260933859,0.5711882605046816,0.7607078006926191,0.3462377682798898,0.498193001265438,0.8146638464324502
Support Vector Machine,0.30344344235869025,0.5088847848893581,0.8100632827283536,0.2654629451594289,0.41550075765417277,0.8710834895883296
