Model,Train MAE,Test MAE,Train RMSE,Test RMSE,Train R2,test R2
Random Forest,0.1971276240849134,0.29468797749883974,0.2701066204340736,0.41630358626094205,0.9264554651043204,0.8084112606565044
Gradient Boosting,0.20736777752121496,0.2896113283408405,0.29040489372208955,0.4009412090615255,0.9149865171633985,0.8222903273673334
Ridge Regression,0.3039873835797407,0.316803987214294,0.4237415642611605,0.4303670255736257,0.8189985397564405,0.7952482357071449
Support Vector,0.2467799955529652,0.2809072278704985,0.36358982975459136,0.3984358657804739,0.8667388977584378,0.8245042814310507
