Model,Train MAE,Test MAE,Train RMSE,Test RMSE,Train R2,test R2
Random Forest,4.491574979441717,6.364916232276332,5.665613528290548,8.106026268920223,0.902506566758627,0.7950372270325423
Gradient Boosting,4.069656514395876,5.812198846763982,5.166201748678926,7.4475506861591905,0.918936715626002,0.8269841424617368
Ridge Regression,6.022140314685748,6.2817234833484745,7.722273496464893,7.947904886629471,0.8188777397712753,0.802955509185751
Support Vector,5.381447363572977,5.987408950162297,7.059745617684626,7.555673092767743,0.8486231106934967,0.8219240405331897
