Model,Test MAE,Test RMSE,Test R2,Train MAE,Train RMSE,Train R2
Random Forest,5.6940153195585275,7.388670566753311,0.8293227988523708,4.661549186933573,5.861600588396169,0.8981044477098141
Gradient Boosting,5.39835309427837,6.950161393975274,0.8489806192676548,3.7447305698074347,4.773275424732944,0.9324297116354087
Ridge Regression,6.018408828407659,7.539236796231252,0.8222958076182121,6.183262210626933,7.916718819015583,0.8141283202317972
Support Vector Machine,5.416664572585582,7.0000257037032165,0.8468058521922617,5.209230060268818,6.9209076863634635,0.8579474950894812
