Model,Train MAE,Test MAE,Train RMSE,Test RMSE,Train R2,test R2
Random Forest,5.226965206195584,6.7873203162938465,6.80946339768734,8.918204648733203,0.9595913347432737,0.9248382003303592
Gradient Boosting,4.846005474563431,6.485473945757328,6.402053545326115,8.574724736384834,0.964281983777731,0.9305163415380984
Ridge Regression,7.281243160455109,7.174204410805732,9.551956361020219,9.330579168280414,0.9204878704480348,0.917726588377923
Support Vector,6.196143121227291,6.258824929990833,8.561264079952307,8.40828890729069,0.9361259413429139,0.9331875260291069
