Model,Test MAE,Test RMSE,Test R2,Train MAE,Train RMSE,Train R2
Random Forest,6.926786037045568,9.289555570474102,0.9232608561741427,5.185198192991513,6.800644213716505,0.959142606437632
Gradient Boosting,6.667186126960043,8.884161349446332,0.9298124714660481,4.786978092116618,6.364158400162189,0.9642189970657421
Ridge Regression,7.450069664008583,9.823651214832552,0.9141830758252542,7.274763717017991,9.464610260662019,0.9208636493976314
Support Vector Machine,6.534805906477862,8.784676279658797,0.931375593784646,5.823694464124251,8.18878510006525,0.9407607574769902
