Model,Train MAE,Test MAE,Train RMSE,Test RMSE,Train R2,test R2
Random Forest,5.057922604186859,7.221437448927128,6.617338235816346,9.710847041657292,0.9610864787573867,0.9163856726428888
Gradient Boosting,3.8289261496572506,7.02264076313929,5.039414063675657,9.388467017793284,0.9774319543510747,0.9218451663110074
Ridge Regression,7.241348053128624,7.19857584900808,9.489253418691138,9.485761972459757,0.9199801092127079,0.920216897840807
Support Vector,6.151564406242285,6.2875334057140195,8.457840576202823,8.65401741280148,0.936429905965003,0.9335948131793426
