Model,Train MAE,Test MAE,Train RMSE,Test RMSE,Train R2,test R2
Random Forest,5.629609288647636,7.448200023019399,7.28780369097688,10.368593852884418,0.8409543805907906,0.6981441085873967
Gradient Boosting,4.311413318211382,7.451564145046855,5.638519733860209,10.554000949680901,0.9047952559222938,0.6872522541602983
Ridge Regression,7.922199564165053,8.20960537340617,10.456945493434286,11.259555732566612,0.6725552218367745,0.6440389819584216
Support Vector,6.32553462531135,7.5542916810850524,9.014307195709351,10.41850547747751,0.7566714384253913,0.6952310076849433
