Model,Train MAE,Test MAE,Train RMSE,Test RMSE,Train R2,test R2
Random Forest,4.318568041805328,6.162688267102703,5.671510834892892,8.93184199695904,0.8476850592225247,0.675374295712255
Gradient Boosting,3.2198512076916717,6.09549964722164,4.230973896991718,8.7778840390252,0.915233223988194,0.6864689768747579
Ridge Regression,6.044406166928561,6.3931565010509726,8.038803510579545,9.007523282886632,0.693995508712284,0.6698497519662978
Support Vector,5.160346085223611,5.883030412449916,7.217632646105226,8.567762557913573,0.7533196692866528,0.7012996815996716
