Model,Train MAE,Test MAE,Train RMSE,Test RMSE,Train R2,test R2
Random Forest,4.311583448329192,5.849320715321371,5.71242034874872,8.288609299101088,0.8485546850369702,0.7143681321945363
Gradient Boosting,3.2720647682633683,5.910400919900255,4.351024475604417,8.373602935280479,0.9121385066907985,0.7084802055065789
Ridge Regression,6.087518181161939,6.362454390260645,8.158209989793184,8.6722176351184,0.6911089768855976,0.6873174400971321
Support Vector,4.779040781130627,5.673373826002722,6.994502251563207,8.039202775263892,0.7729460004814174,0.7312989963384029
