Model,Train MAE,Test MAE,Train RMSE,Test RMSE,Train R2,test R2
Random Forest,0.23381729028395518,0.32715566788623107,0.31604442243799674,0.45538529403551065,0.890068681527907,0.7849954117998336
Gradient Boosting,0.24693946587345872,0.3214126761927274,0.3383856379618842,0.44866896024327446,0.873977230263745,0.7912907126632763
Ridge Regression,0.32824796937672307,0.35332208803647464,0.452228776154065,0.49111923001403396,0.7749175862178174,0.7499288429465806
Support Vector,0.2788620275331224,0.31483131031897926,0.4007926909361702,0.44579405224728774,0.8232071235161367,0.7939568103732353
