Model,Train MAE,Test MAE,Train RMSE,Test RMSE,Train R2,test R2
Random Forest,4.927616677595205,6.818635836956737,6.32945729297242,9.043169953040442,0.8777012855325166,0.7627070128115343
Gradient Boosting,4.638575004323526,6.447706527614003,6.043457139678788,8.657201909684202,0.8885038587774904,0.7825303722898089
Ridge Regression,6.4511244656036535,6.826484973844197,8.474635064786414,9.083325338330797,0.7807543650466149,0.760594977583947
Support Vector,5.9041107607232854,6.540036754301831,7.9399869787535,8.887709426246522,0.8075452986466046,0.7707954616338326
