Model,Test MAE,Test RMSE,Test R2,Train MAE,Train RMSE,Train R2
Random Forest,6.629300923857585,9.599001467323923,0.9163593894021699,5.256083309196288,7.0104936451116036,0.9536921441812264
Gradient Boosting,6.431593447403306,8.925797338251792,0.9276798826346153,4.96783745836213,6.629620674767048,0.9585871773127494
Ridge Regression,7.138414532215254,9.470045749960837,0.9185915974744561,7.272523150296732,9.616396827324987,0.9128670886019254
Support Vector Machine,6.179154786455852,8.599532731673614,0.9328702876568793,5.769816105527805,8.259201250785294,0.9357262602769212
