Model,Train MAE,Test MAE,Train RMSE,Test RMSE,Train R2,test R2
Random Forest,5.023841274606713,6.5540255547096935,6.683696994758405,9.343853155697374,0.8584096493571246,0.742373544264069
Gradient Boosting,4.7610851140800285,6.411876714190891,6.473669052275035,9.28169387111775,0.8671684811579178,0.745789824540382
Ridge Regression,6.894334156058107,7.319011970635167,9.436114003734449,10.171934953507225,0.7177808302680123,0.6946867879782699
Support Vector,5.950364901632442,6.3244979998662645,8.4056150986729,9.052144218221676,0.7760561449142876,0.7582083056674809
