Model,Train MAE,Test MAE,Train RMSE,Test RMSE,Train R2,test R2
Random Forest,3.6096928316976356,4.749225637541043,4.962557209854036,6.7411302177617,0.8699764500590449,0.7573692162237312
Gradient Boosting,3.834419361636797,4.513724179124053,5.414047058775658,6.374489729828028,0.8452413192828248,0.7830441725805198
Ridge Regression,5.176862708907491,5.195331428375067,7.235258834496133,7.269247710364105,0.7236120462643156,0.7178634152571043
Support Vector,4.351150641466242,4.509088841452866,6.427306951149045,6.489547805310099,0.7818932790944777,0.7751414839227717
