Model,Test MAE,Test RMSE,Test R2,Train MAE,Train RMSE,Train R2
Random Forest,0.24405227578336916,0.34778752253511436,0.8350763176113558,0.16766785358653347,0.24023545575256294,0.9288449861612599
Gradient Boosting,0.25560306994954557,0.3530828887346485,0.8300158720875352,0.17838961170683673,0.24846305399778973,0.9238876840070978
Ridge Regression,0.2522991981476567,0.34724761693346395,0.8355879754416213,0.2541710358688229,0.3574344282882213,0.8424842220987458
Support Vector Machine,0.22685691212118916,0.33634899665640156,0.8457464021919403,0.20383743254195705,0.3052635955763988,0.8851102380556746
