Model,Train MAE,Test MAE,Train RMSE,Test RMSE,Train R2,test R2
Random Forest,0.1489432100529674,0.22264894205079852,0.20299823710502987,0.3163053289980152,0.9482442816364345,0.8786628369629096
Gradient Boosting,0.030320405695629583,0.18054640633324812,0.03942375956911342,0.2729893962543574,0.9980479547387532,0.9096199920883452
Ridge Regression,0.24706868070119134,0.24852270066637505,0.34978493877418465,0.3549160351158347,0.8463346253777572,0.847232116644362
Support Vector,0.16675049921514898,0.21045194869140635,0.2549090846357412,0.3052877500956296,0.9183898013409552,0.8869684780252196
