Model,Test MAE,Test RMSE,Test R2,Train MAE,Train RMSE,Train R2
Random Forest,0.2527319858805866,0.38402558922572166,0.8481160856867339,0.1437811923490834,0.19335369706024264,0.9556081602016764
Gradient Boosting,0.2236859913448981,0.3341474598748655,0.8850079593946033,0.09484693836670831,0.1270935676869178,0.9808201447292548
Ridge Regression,0.27747108606971427,0.42660509616869224,0.8125680898777123,0.24844330582525728,0.3473015429960076,0.8567773816431957
Support Vector Machine,0.22815968897550876,0.3545254835030512,0.8705546754433853,0.13466800047361063,0.19983230321819018,0.9525834915237433
