Model,Test MAE,Test RMSE,Test R2,Train MAE,Train RMSE,Train R2
Random Forest,4.045216341667476,5.374363169536069,0.9180366783360794,3.037198240861831,3.860415419894328,0.9530425718160895
Gradient Boosting,3.452712782987339,4.569574371781256,0.9407460877612245,0.8970038102997165,1.1530136401588917,0.9958110506453702
Ridge Regression,4.512897532557107,5.913399923952747,0.9007706760351194,4.476872903394393,5.69536189482377,0.8977934167595548
Support Vector Machine,4.036780431178004,5.5210889258748495,0.9135002177470255,3.3874402398668955,4.721664791967742,0.9297532036072379
