Model,Train MAE,Test MAE,Train RMSE,Test RMSE,Train R2,test R2
Random Forest,2.989519511386504,4.259159894488058,3.8263217742779876,5.588928777805618,0.9553263466621439,0.9039046915602582
Gradient Boosting,0.9100228138867891,3.2811091638136487,1.1809203755271178,4.435044844199671,0.995744704507714,0.9394880615300664
Ridge Regression,4.455754792439219,4.349413345982672,5.690345487672779,5.677916581570251,0.9011979940715485,0.9008202406937883
Support Vector,1.9356706411955982,3.5602771839748444,3.284103285279174,4.978687629610006,0.9670904377185069,0.9237438645171409
