Model,Train MAE,Test MAE,Train RMSE,Test RMSE,Train R2,test R2
Random Forest,2.289031727975654,3.3458546639803113,3.5154992648960244,5.930457641324492,0.9889843030192564,0.9672508452029762
Gradient Boosting,1.0439544871922348,3.0181733127955654,1.5004975639995757,5.411653606627414,0.9979931794141514,0.9727300928156453
Ridge Regression,3.730134999640263,3.854429278619051,5.783255376748365,6.439051298723613,0.9701885775737205,0.9613928760809471
Support Vector,1.9690747049902648,3.0505030643873776,3.8775630589612327,5.348471749664746,0.9865984294649712,0.9733631360861086
