Model,Test MAE,Test RMSE,Test R2,Train MAE,Train RMSE,Train R2
Random Forest,3.8839804330704952,6.706167626842172,0.9606283993681553,2.6858615669823154,4.272555750050092,0.9835486918504449
Gradient Boosting,3.9102123789259764,6.559321140829857,0.9623337790177072,2.9265888072418904,4.523007139958598,0.9815634562935729
Ridge Regression,4.059479307741809,6.741199497405912,0.9602159839901764,3.7290245888178712,5.9874746581743565,0.967691831649573
Support Vector Machine,4.0434505553178015,7.053389264579829,0.956445807478928,3.6353608149542995,6.082005596632117,0.9666636082130557
