Model,Train MAE,Test MAE,Train RMSE,Test RMSE,Train R2,test R2
Random Forest,2.327306046322945,3.3521708550067113,3.5595354201981513,5.2380134857103124,0.9886121736297686,0.9757981060593679
Gradient Boosting,1.11486003676617,3.0053058329814997,1.5874768329613187,4.820821525064168,0.9977349959063202,0.9794997934929126
Ridge Regression,3.7797055517071474,3.7168894813646567,5.943906590393252,5.852898131047344,0.9682460211859785,0.9697825327803872
Support Vector,1.9627568080883437,3.089569071947289,3.9488592961399545,4.823418999422298,0.9859848574949974,0.979477696385287
