Model,Train MAE,Test MAE,Train RMSE,Test RMSE,Train R2,test R2
Random Forest,0.7361263147554465,1.122903827273452,1.7435651994962638,2.60901698063996,0.9778472239705579,0.9541918310950352
Gradient Boosting,0.46216672491968913,1.0543931231319197,1.1137627520965772,2.4932711526410007,0.9909606510611858,0.9581661201148803
Ridge Regression,1.4393929559946086,1.558835727851649,2.9633274700281786,3.14755111500737,0.93601015381711,0.9333293477590685
Support Vector,0.9111839386228515,1.1132401388878255,2.313804096822862,2.5494630388184456,0.9609873956126289,0.9562592162129653
