Model,Train MAE,Test MAE,Train RMSE,Test RMSE,Train R2,test R2
Random Forest,0.7447340776904959,0.9511487761373362,1.7526502317809902,2.2841267057998524,0.9776264801354781,0.9640801154392913
Gradient Boosting,0.31964619347987777,0.8997435694139694,0.7487805099120308,2.15653646663804,0.9959163090484867,0.9679809706746006
Ridge Regression,1.4394642796160622,1.4621814120860985,2.999317581548294,2.937423137422294,0.9344777637623223,0.9405943746569158
Support Vector,0.9255351709921202,1.00108979430103,2.348349401287742,2.3643588314347044,0.9598330150819376,0.9615123560166368
