Model,Train MAE,Test MAE,Train RMSE,Test RMSE,Train R2,test R2
Random Forest,1.5954262940918258,3.1028230428648453,2.0352386141766727,4.409554300790623,0.9772209498503466,0.900450991157312
Gradient Boosting,0.12791793809574384,3.17221858902411,0.16316150344801558,4.637091915769672,0.9998536002483511,0.8899122592015409
Ridge Regression,2.8093334855570142,3.189849529165543,3.7689997371754753,4.754125422716923,0.921880913273939,0.8842852236280995
Support Vector,2.2917619821150175,3.272492735965517,3.348515861189718,4.740928917020112,0.9383391277486105,0.8849267344017513
