Model,Train MAE,Test MAE,Train RMSE,Test RMSE,Train R2,test R2
Random Forest,1.677337611141736,3.239585586946773,2.1317555756419466,4.526635475085308,0.9753924347046395,0.891508592511751
Gradient Boosting,1.7071311502551183,3.163154385553798,2.21963448947792,4.434164232844662,0.9733217855119697,0.8958958968353729
Ridge Regression,2.8266159160399265,3.179925752709324,3.8242432515332987,4.445564436492231,0.9208073549000123,0.8953599069389617
Support Vector,2.39188017116538,3.0910337764233717,3.4877289362316257,4.361659438401047,0.9341312715026704,0.899272558430108
