Model,Train MAE,Test MAE,Train RMSE,Test RMSE,Train R2,test R2
Random Forest,0.17082075118323203,0.24461806153142826,0.2275058705590932,0.32912778526683023,0.9482952665703,0.8842759625327081
Gradient Boosting,0.06409674502280857,0.22786673409596248,0.08268329076251028,0.3084728912330191,0.9931706307593471,0.8983450595002249
Ridge Regression,0.30111590045133907,0.3162140793243893,0.40655904202121873,0.39960710696476376,0.8348827918526738,0.8294071245859154
Support Vector,0.20510841701573967,0.23688131031898854,0.2975048032416769,0.3169487928681745,0.9115835544470641,0.8926819713066703
