Model,Train MAE,Test MAE,Train RMSE,Test RMSE,Train R2,test R2
Random Forest,4.888205237280209,6.487389105622155,6.217712437863065,8.478874665572,0.9160210752417294,0.8307243552028657
Gradient Boosting,1.5407864735847332,5.392677137036686,2.0165266295112922,7.36311676656487,0.9911668222933968,0.8723439444528327
Ridge Regression,7.141900933416802,7.091328272266511,9.178498019815462,9.228955263301057,0.8169994977014162,0.7994497871924505
Support Vector,4.1192778295924155,5.98769931052635,6.314179482340677,8.174121634906014,0.9133950151585739,0.8426740954310628
