Model,Train MAE,Test MAE,Train RMSE,Test RMSE,Train R2,test R2
Random Forest,0.7110657623685613,1.1051032517303874,1.6472199498821716,2.5489374627688157,0.9933182089383652,0.9848814590989143
Gradient Boosting,0.540976398403052,0.9402357428608665,1.2633287827352335,2.197893790248935,0.9960697290982883,0.9887590006555579
Ridge Regression,1.7001344001356133,1.7812003450707876,3.2612520300858505,3.2317847106515143,0.9738086171340066,0.9756960780125742
Support Vector,0.9187587507717745,1.0740695098934476,2.328547649006488,2.386902205528642,0.986647580668553,0.9867425264290068
