Model,Train MAE,Test MAE,Train RMSE,Test RMSE,Train R2,test R2
Random Forest,1.1319981798559473,2.1227331043242232,1.44753171682696,3.039024616616108,0.987985293048294,0.945907060828877
Gradient Boosting,1.1476926606813591,1.9118871070840324,1.4590009519569045,2.6864972233140083,0.9877941464072074,0.9577287650505404
Ridge Regression,1.928936669950738,1.838904959122843,2.625008093941054,2.530823790045316,0.9604889747100992,0.9624857766059957
Support Vector,1.5159685463014994,1.8135329482203788,2.1880060873995606,2.5782902525858193,0.9725492599149602,0.9610653964126371
